zone_id,zone_name,zone_type,states,districts,lat_min,lat_max,lon_min,lon_max,season,dominant_crops,suitable_crops_high,suitable_crops_med,suitable_crops_low,typical_soils,rainfall_band,temp_band,key_risks,notes,source_name,source_ref,data_quality
AGROCLIM_ANDAMAN_AND_NICOBAR_ISLANDS_KHARIF,Andaman And Nicobar Islands kharif memory zone,AGROCLIM_CURATED,Andaman And Nicobar Islands,Nicobars|North And Middle Andaman|South Andamans,,,,,kharif,cotton|groundnut|jute|maize|pigeonpea|rice,cotton|groundnut|jute|maize|pigeonpea|rice|soybean,bajra|blackgram|greengram|sesame|sorghum,,See row-level evidence_text and source_ref in exploded CSV,medium,moderate,drought|flood,"Compiled zone-memory dataset from official India agriculture portals; district assignment is localization metadata, not district-level agronomy proof.",Compiled from cited official source rows,See exploded CSV source_ref,incomplete
AGROCLIM_ANDAMAN_AND_NICOBAR_ISLANDS_RABI,Andaman And Nicobar Islands rabi memory zone,AGROCLIM_CURATED,Andaman And Nicobar Islands,Nicobars|North And Middle Andaman|South Andamans,,,,,rabi,barley|chickpea|mustard|wheat,barley|chickpea|mustard|wheat,lentil|linseed|oat|pea,,See row-level evidence_text and source_ref in exploded CSV,medium,moderate,frost,"Compiled zone-memory dataset from official India agriculture portals; district assignment is localization metadata, not district-level agronomy proof.",Compiled from cited official source rows,See exploded CSV source_ref,incomplete
AGROCLIM_ANDAMAN_AND_NICOBAR_ISLANDS_ZAID,Andaman And Nicobar Islands zaid memory zone,AGROCLIM_CURATED,Andaman And Nicobar Islands,Nicobars|North And Middle Andaman|South Andamans,,,,,zaid,cucumber|muskmelon|watermelon,cucumber|muskmelon|watermelon,fodder_maize|sunflower,,See row-level evidence_text and source_ref in exploded CSV,medium,moderate,heat,"Compiled zone-memory dataset from official India agriculture portals; district assignment is localization metadata, not district-level agronomy proof.",Compiled from cited official source rows,See exploded CSV source_ref,incomplete
AGROCLIM_ANDHRA_PRADESH_KHARIF,Andhra Pradesh kharif memory zone,AGROCLIM_CURATED,Andhra Pradesh,Alluri Sitharama Raju|Anakapalli|Ananthapuramu|Annamayya|Bapatla|Chittoor|Dr. B.R. Ambedkar Konaseema|East Godavari|Eluru|Guntur|Kakinada|Krishna|Kurnool|Nandyal|Ntr|Palnadu|Parvathipuram Manyam|Prakasam|Sri Potti Sriramulu Nellore|Sri Sathya Sai|Srikakulam|Tirupati|Visakhapatnam|Vizianagaram|West Godavari|Y.S.R. Kadapa,,,,,kharif,cotton|groundnut|jute|maize|pigeonpea|rice,cotton|groundnut|jute|maize|pigeonpea|rice|soybean,bajra|blackgram|greengram|sesame|sorghum,,See row-level evidence_text and source_ref in exploded CSV,medium,moderate,drought|flood,"Compiled zone-memory dataset from official India agriculture portals; district assignment is localization metadata, not district-level agronomy proof.",Compiled from cited official source rows,See exploded CSV source_ref,incomplete
AGROCLIM_ANDHRA_PRADESH_RABI,Andhra Pradesh rabi memory zone,AGROCLIM_CURATED,Andhra Pradesh,Alluri Sitharama Raju|Anakapalli|Ananthapuramu|Annamayya|Bapatla|Chittoor|Dr. B.R. Ambedkar Konaseema|East Godavari|Eluru|Guntur|Kakinada|Krishna|Kurnool|Nandyal|Ntr|Palnadu|Parvathipuram Manyam|Prakasam|Sri Potti Sriramulu Nellore|Sri Sathya Sai|Srikakulam|Tirupati|Visakhapatnam|Vizianagaram|West Godavari|Y.S.R. Kadapa,,,,,rabi,barley|chickpea|mustard|wheat,barley|chickpea|mustard|wheat,lentil|linseed|oat|pea,,See row-level evidence_text and source_ref in exploded CSV,medium,moderate,frost,"Compiled zone-memory dataset from official India agriculture portals; district assignment is localization metadata, not district-level agronomy proof.",Compiled from cited official source rows,See exploded CSV source_ref,incomplete
AGROCLIM_ANDHRA_PRADESH_ZAID,Andhra Pradesh zaid memory zone,AGROCLIM_CURATED,Andhra Pradesh,Alluri Sitharama Raju|Anakapalli|Ananthapuramu|Annamayya|Bapatla|Chittoor|Dr. B.R. Ambedkar Konaseema|East Godavari|Eluru|Guntur|Kakinada|Krishna|Kurnool|Nandyal|Ntr|Palnadu|Parvathipuram Manyam|Prakasam|Sri Potti Sriramulu Nellore|Sri Sathya Sai|Srikakulam|Tirupati|Visakhapatnam|Vizianagaram|West Godavari|Y.S.R. Kadapa,,,,,zaid,cucumber|muskmelon|watermelon,cucumber|muskmelon|watermelon,fodder_maize|sunflower,,See row-level evidence_text and source_ref in exploded CSV,medium,moderate,heat,"Compiled zone-memory dataset from official India agriculture portals; district assignment is localization metadata, not district-level agronomy proof.",Compiled from cited official source rows,See exploded CSV source_ref,incomplete
AGROCLIM_ARUNACHAL_PRADESH_KHARIF,Arunachal Pradesh kharif memory zone,AGROCLIM_CURATED,Arunachal Pradesh,Anjaw|Bichom|Changlang|Dibang Valley|East Kameng|East Siang|Kamle|Keyi Panyor|Kra Daadi|Kurung Kumey|Leparada|Lohit|Longding|Lower Dibang Valley|Lower Siang|Lower Subansiri|Namsai|Pakke Kessang|Papum Pare|Shi Yomi|Siang|Tawang|Tirap|Upper Siang|Upper Subansiri|West Kameng|West Siang,,,,,kharif,cotton|groundnut|jute|maize|pigeonpea|rice,cotton|groundnut|jute|maize|pigeonpea|rice|soybean,bajra|blackgram|greengram|sesame|sorghum,,See row-level evidence_text and source_ref in exploded CSV,medium,moderate,drought|flood,"Compiled zone-memory dataset from official India agriculture portals; district assignment is localization metadata, not district-level agronomy proof.",Compiled from cited official source rows,See exploded CSV source_ref,incomplete
AGROCLIM_ARUNACHAL_PRADESH_RABI,Arunachal Pradesh rabi memory zone,AGROCLIM_CURATED,Arunachal Pradesh,Anjaw|Bichom|Changlang|Dibang Valley|East Kameng|East Siang|Kamle|Keyi Panyor|Kra Daadi|Kurung Kumey|Leparada|Lohit|Longding|Lower Dibang Valley|Lower Siang|Lower Subansiri|Namsai|Pakke Kessang|Papum Pare|Shi Yomi|Siang|Tawang|Tirap|Upper Siang|Upper Subansiri|West Kameng|West Siang,,,,,rabi,barley|chickpea|mustard|wheat,barley|chickpea|mustard|wheat,lentil|linseed|oat|pea,,See row-level evidence_text and source_ref in exploded CSV,medium,moderate,frost,"Compiled zone-memory dataset from official India agriculture portals; district assignment is localization metadata, not district-level agronomy proof.",Compiled from cited official source rows,See exploded CSV source_ref,incomplete
AGROCLIM_ARUNACHAL_PRADESH_ZAID,Arunachal Pradesh zaid memory zone,AGROCLIM_CURATED,Arunachal Pradesh,Anjaw|Bichom|Changlang|Dibang Valley|East Kameng|East Siang|Kamle|Keyi Panyor|Kra Daadi|Kurung Kumey|Leparada|Lohit|Longding|Lower Dibang Valley|Lower Siang|Lower Subansiri|Namsai|Pakke Kessang|Papum Pare|Shi Yomi|Siang|Tawang|Tirap|Upper Siang|Upper Subansiri|West Kameng|West Siang,,,,,zaid,cucumber|muskmelon|watermelon,cucumber|muskmelon|watermelon,fodder_maize|sunflower,,See row-level evidence_text and source_ref in exploded CSV,medium,moderate,heat,"Compiled zone-memory dataset from official India agriculture portals; district assignment is localization metadata, not district-level agronomy proof.",Compiled from cited official source rows,See exploded CSV source_ref,incomplete
AGROCLIM_ASSAM_KHARIF,Assam kharif memory zone,AGROCLIM_CURATED,Assam,Bajali|Baksa|Barpeta|Biswanath|Bongaigaon|Cachar|Charaideo|Chirang|Darrang|Dhemaji|Dhubri|Dibrugarh|Dima Hasao|Goalpara|Golaghat|Hailakandi|Hojai|Jorhat|Kamrup|Kamrup Metro|Karbi Anglong|Kokrajhar|Lakhimpur|Majuli|Marigaon|Nagaon|Nalbari|Sivasagar|Sonitpur|South Salmara Mancachar|Sribhumi|Tamulpur|Tinsukia|Udalguri|West Karbi Anglong,,,,,kharif,cotton|groundnut|jute|maize|pigeonpea|rice,cotton|groundnut|jute|maize|pigeonpea|rice|soybean,bajra|blackgram|greengram|sesame|sorghum,,See row-level evidence_text and source_ref in exploded CSV,medium,moderate,drought|flood,"Compiled zone-memory dataset from official India agriculture portals; district assignment is localization metadata, not district-level agronomy proof.",Compiled from cited official source rows,See exploded CSV source_ref,incomplete
AGROCLIM_ASSAM_RABI,Assam rabi memory zone,AGROCLIM_CURATED,Assam,Bajali|Baksa|Barpeta|Biswanath|Bongaigaon|Cachar|Charaideo|Chirang|Darrang|Dhemaji|Dhubri|Dibrugarh|Dima Hasao|Goalpara|Golaghat|Hailakandi|Hojai|Jorhat|Kamrup|Kamrup Metro|Karbi Anglong|Kokrajhar|Lakhimpur|Majuli|Marigaon|Nagaon|Nalbari|Sivasagar|Sonitpur|South Salmara Mancachar|Sribhumi|Tamulpur|Tinsukia|Udalguri|West Karbi Anglong,,,,,rabi,barley|chickpea|mustard|wheat,barley|chickpea|mustard|wheat,lentil|linseed|oat|pea,,See row-level evidence_text and source_ref in exploded CSV,medium,moderate,frost,"Compiled zone-memory dataset from official India agriculture portals; district assignment is localization metadata, not district-level agronomy proof.",Compiled from cited official source rows,See exploded CSV source_ref,incomplete
AGROCLIM_ASSAM_ZAID,Assam zaid memory zone,AGROCLIM_CURATED,Assam,Bajali|Baksa|Barpeta|Biswanath|Bongaigaon|Cachar|Charaideo|Chirang|Darrang|Dhemaji|Dhubri|Dibrugarh|Dima Hasao|Goalpara|Golaghat|Hailakandi|Hojai|Jorhat|Kamrup|Kamrup Metro|Karbi Anglong|Kokrajhar|Lakhimpur|Majuli|Marigaon|Nagaon|Nalbari|Sivasagar|Sonitpur|South Salmara Mancachar|Sribhumi|Tamulpur|Tinsukia|Udalguri|West Karbi Anglong,,,,,zaid,cucumber|muskmelon|watermelon,cucumber|muskmelon|watermelon,fodder_maize|sunflower,,See row-level evidence_text and source_ref in exploded CSV,medium,moderate,heat,"Compiled zone-memory dataset from official India agriculture portals; district assignment is localization metadata, not district-level agronomy proof.",Compiled from cited official source rows,See exploded CSV source_ref,incomplete
AGROCLIM_BIHAR_KHARIF,Bihar kharif memory zone,AGROCLIM_CURATED,Bihar,Araria|Arwal|Aurangabad|Banka|Begusarai|Bhagalpur|Bhojpur|Buxar|Darbhanga|Gaya|Gopalganj|Jamui|Jehanabad|Kaimur (Bhabua)|Katihar|Khagaria|Kishanganj|Lakhisarai|Madhepura|Madhubani|Munger|Muzaffarpur|Nalanda|Nawada|Pashchim Champaran|Patna|Purbi Champaran|Purnia|Rohtas|Saharsa|Samastipur|Saran|Sheikhpura|Sheohar|Sitamarhi|Siwan|Supaul|Vaishali,,,,,kharif,cotton|groundnut|jute|maize|pigeonpea|rice,cotton|groundnut|jute|maize|pigeonpea|rice|soybean,bajra|blackgram|greengram|sesame|sorghum,,See row-level evidence_text and source_ref in exploded CSV,medium,moderate,drought|flood,"Compiled zone-memory dataset from official India agriculture portals; district assignment is localization metadata, not district-level agronomy proof.",Compiled from cited official source rows,See exploded CSV source_ref,incomplete
AGROCLIM_BIHAR_RABI,Bihar rabi memory zone,AGROCLIM_CURATED,Bihar,Araria|Arwal|Aurangabad|Banka|Begusarai|Bhagalpur|Bhojpur|Buxar|Darbhanga|Gaya|Gopalganj|Jamui|Jehanabad|Kaimur (Bhabua)|Katihar|Khagaria|Kishanganj|Lakhisarai|Madhepura|Madhubani|Munger|Muzaffarpur|Nalanda|Nawada|Pashchim Champaran|Patna|Purbi Champaran|Purnia|Rohtas|Saharsa|Samastipur|Saran|Sheikhpura|Sheohar|Sitamarhi|Siwan|Supaul|Vaishali,,,,,rabi,barley|chickpea|mustard|wheat,barley|chickpea|mustard|wheat,lentil|linseed|oat|pea,,See row-level evidence_text and source_ref in exploded CSV,medium,moderate,frost,"Compiled zone-memory dataset from official India agriculture portals; district assignment is localization metadata, not district-level agronomy proof.",Compiled from cited official source rows,See exploded CSV source_ref,incomplete
AGROCLIM_BIHAR_ZAID,Bihar zaid memory zone,AGROCLIM_CURATED,Bihar,Araria|Arwal|Aurangabad|Banka|Begusarai|Bhagalpur|Bhojpur|Buxar|Darbhanga|Gaya|Gopalganj|Jamui|Jehanabad|Kaimur (Bhabua)|Katihar|Khagaria|Kishanganj|Lakhisarai|Madhepura|Madhubani|Munger|Muzaffarpur|Nalanda|Nawada|Pashchim Champaran|Patna|Purbi Champaran|Purnia|Rohtas|Saharsa|Samastipur|Saran|Sheikhpura|Sheohar|Sitamarhi|Siwan|Supaul|Vaishali,,,,,zaid,cucumber|muskmelon|watermelon,cucumber|muskmelon|watermelon,fodder_maize|sunflower,,See row-level evidence_text and source_ref in exploded CSV,medium,moderate,heat,"Compiled zone-memory dataset from official India agriculture portals; district assignment is localization metadata, not district-level agronomy proof.",Compiled from cited official source rows,See exploded CSV source_ref,incomplete
AGROCLIM_CHANDIGARH_KHARIF,Chandigarh kharif memory zone,AGROCLIM_CURATED,Chandigarh,Chandigarh,,,,,kharif,cotton|groundnut|jute|maize|pigeonpea|rice,cotton|groundnut|jute|maize|pigeonpea|rice|soybean,bajra|blackgram|greengram|sesame|sorghum,,See row-level evidence_text and source_ref in exploded CSV,medium,moderate,drought|flood,"Compiled zone-memory dataset from official India agriculture portals; district assignment is localization metadata, not district-level agronomy proof.",Compiled from cited official source rows,See exploded CSV source_ref,incomplete
AGROCLIM_CHANDIGARH_RABI,Chandigarh rabi memory zone,AGROCLIM_CURATED,Chandigarh,Chandigarh,,,,,rabi,barley|chickpea|mustard|wheat,barley|chickpea|mustard|wheat,lentil|linseed|oat|pea,,See row-level evidence_text and source_ref in exploded CSV,medium,moderate,frost,"Compiled zone-memory dataset from official India agriculture portals; district assignment is localization metadata, not district-level agronomy proof.",Compiled from cited official source rows,See exploded CSV source_ref,incomplete
AGROCLIM_CHANDIGARH_ZAID,Chandigarh zaid memory zone,AGROCLIM_CURATED,Chandigarh,Chandigarh,,,,,zaid,cucumber|muskmelon|watermelon,cucumber|muskmelon|watermelon,fodder_maize|sunflower,,See row-level evidence_text and source_ref in exploded CSV,medium,moderate,heat,"Compiled zone-memory dataset from official India agriculture portals; district assignment is localization metadata, not district-level agronomy proof.",Compiled from cited official source rows,See exploded CSV source_ref,incomplete
AGROCLIM_CHHATTISGARH_KHARIF,Chhattisgarh kharif memory zone,AGROCLIM_CURATED,Chhattisgarh,Balod|Balodabazar-Bhatapara|Balrampur-Ramanujganj|Bastar|Bemetara|Bijapur|Bilaspur|Dakshin Bastar Dantewada|Dhamtari|Durg|Gariyaband|Gaurela-Pendra-Marwahi|Janjgir-Champa|Jashpur|Kabeerdham|Khairagarh-Chhuikhadan-Gandai|Kondagaon|Korba|Korea|Mahasamund|Manendragarh-Chirmiri-Bharatpur(M C B)|Mohla-Manpur-Ambagarh Chouki|Mungeli|Narayanpur|Raigarh|Raipur|Rajnandgaon|Sakti|Sarangarh-Bilaigarh|Sukma|Surajpur|Surguja|Uttar Bastar Kanker,,,,,kharif,cotton|groundnut|jute|maize|pigeonpea|rice,cotton|groundnut|jute|maize|pigeonpea|rice|soybean,bajra|blackgram|greengram|sesame|sorghum,,See row-level evidence_text and source_ref in exploded CSV,medium,moderate,drought|flood,"Compiled zone-memory dataset from official India agriculture portals; district assignment is localization metadata, not district-level agronomy proof.",Compiled from cited official source rows,See exploded CSV source_ref,incomplete
AGROCLIM_CHHATTISGARH_RABI,Chhattisgarh rabi memory zone,AGROCLIM_CURATED,Chhattisgarh,Balod|Balodabazar-Bhatapara|Balrampur-Ramanujganj|Bastar|Bemetara|Bijapur|Bilaspur|Dakshin Bastar Dantewada|Dhamtari|Durg|Gariyaband|Gaurela-Pendra-Marwahi|Janjgir-Champa|Jashpur|Kabeerdham|Khairagarh-Chhuikhadan-Gandai|Kondagaon|Korba|Korea|Mahasamund|Manendragarh-Chirmiri-Bharatpur(M C B)|Mohla-Manpur-Ambagarh Chouki|Mungeli|Narayanpur|Raigarh|Raipur|Rajnandgaon|Sakti|Sarangarh-Bilaigarh|Sukma|Surajpur|Surguja|Uttar Bastar Kanker,,,,,rabi,barley|chickpea|mustard|wheat,barley|chickpea|mustard|wheat,lentil|linseed|oat|pea,,See row-level evidence_text and source_ref in exploded CSV,medium,moderate,frost,"Compiled zone-memory dataset from official India agriculture portals; district assignment is localization metadata, not district-level agronomy proof.",Compiled from cited official source rows,See exploded CSV source_ref,incomplete
AGROCLIM_CHHATTISGARH_ZAID,Chhattisgarh zaid memory zone,AGROCLIM_CURATED,Chhattisgarh,Balod|Balodabazar-Bhatapara|Balrampur-Ramanujganj|Bastar|Bemetara|Bijapur|Bilaspur|Dakshin Bastar Dantewada|Dhamtari|Durg|Gariyaband|Gaurela-Pendra-Marwahi|Janjgir-Champa|Jashpur|Kabeerdham|Khairagarh-Chhuikhadan-Gandai|Kondagaon|Korba|Korea|Mahasamund|Manendragarh-Chirmiri-Bharatpur(M C B)|Mohla-Manpur-Ambagarh Chouki|Mungeli|Narayanpur|Raigarh|Raipur|Rajnandgaon|Sakti|Sarangarh-Bilaigarh|Sukma|Surajpur|Surguja|Uttar Bastar Kanker,,,,,zaid,cucumber|muskmelon|watermelon,cucumber|muskmelon|watermelon,fodder_maize|sunflower,,See row-level evidence_text and source_ref in exploded CSV,medium,moderate,heat,"Compiled zone-memory dataset from official India agriculture portals; district assignment is localization metadata, not district-level agronomy proof.",Compiled from cited official source rows,See exploded CSV source_ref,incomplete
AGROCLIM_DELHI_KHARIF,Delhi kharif memory zone,AGROCLIM_CURATED,Delhi,Central|East|New Delhi|North|North East|North West|Shahdara|South|South East|South West|West,28.4,28.9,76.83,77.35,kharif,cotton|groundnut|jute|maize|pigeonpea|rice,cotton|groundnut|jute|maize|pigeonpea|rice|soybean,bajra|blackgram|greengram|sesame|sorghum,,See row-level evidence_text and source_ref in exploded CSV,medium,moderate,drought|flood,"Compiled zone-memory dataset from official India agriculture portals; district assignment is localization metadata, not district-level agronomy proof.",Compiled from cited official source rows,See exploded CSV source_ref,incomplete
AGROCLIM_DELHI_RABI,Delhi rabi memory zone,AGROCLIM_CURATED,Delhi,Central|East|New Delhi|North|North East|North West|Shahdara|South|South East|South West|West,28.4,28.9,76.83,77.35,rabi,barley|chickpea|mustard|wheat,barley|chickpea|mustard|wheat,lentil|linseed|oat|pea,,See row-level evidence_text and source_ref in exploded CSV,medium,moderate,frost,"Compiled zone-memory dataset from official India agriculture portals; district assignment is localization metadata, not district-level agronomy proof.",Compiled from cited official source rows,See exploded CSV source_ref,incomplete
AGROCLIM_DELHI_ZAID,Delhi zaid memory zone,AGROCLIM_CURATED,Delhi,Central|East|New Delhi|North|North East|North West|Shahdara|South|South East|South West|West,28.4,28.9,76.83,77.35,zaid,cucumber|muskmelon|watermelon,cucumber|muskmelon|watermelon,fodder_maize|sunflower,,See row-level evidence_text and source_ref in exploded CSV,medium,moderate,heat,"Compiled zone-memory dataset from official India agriculture portals; district assignment is localization metadata, not district-level agronomy proof.",Compiled from cited official source rows,See exploded CSV source_ref,incomplete
AGROCLIM_GOA_KHARIF,Goa kharif memory zone,AGROCLIM_CURATED,Goa,North Goa|South Goa,,,,,kharif,cotton|groundnut|jute|maize|pigeonpea|rice,cotton|groundnut|jute|maize|pigeonpea|rice|soybean,bajra|blackgram|greengram|sesame|sorghum,,See row-level evidence_text and source_ref in exploded CSV,medium,moderate,drought|flood,"Compiled zone-memory dataset from official India agriculture portals; district assignment is localization metadata, not district-level agronomy proof.",Compiled from cited official source rows,See exploded CSV source_ref,incomplete
AGROCLIM_GOA_RABI,Goa rabi memory zone,AGROCLIM_CURATED,Goa,North Goa|South Goa,,,,,rabi,barley|chickpea|mustard|wheat,barley|chickpea|mustard|wheat,lentil|linseed|oat|pea,,See row-level evidence_text and source_ref in exploded CSV,medium,moderate,frost,"Compiled zone-memory dataset from official India agriculture portals; district assignment is localization metadata, not district-level agronomy proof.",Compiled from cited official source rows,See exploded CSV source_ref,incomplete
AGROCLIM_GOA_ZAID,Goa zaid memory zone,AGROCLIM_CURATED,Goa,North Goa|South Goa,,,,,zaid,cucumber|muskmelon|watermelon,cucumber|muskmelon|watermelon,fodder_maize|sunflower,,See row-level evidence_text and source_ref in exploded CSV,medium,moderate,heat,"Compiled zone-memory dataset from official India agriculture portals; district assignment is localization metadata, not district-level agronomy proof.",Compiled from cited official source rows,See exploded CSV source_ref,incomplete
AGROCLIM_GUJARAT_KHARIF,Gujarat kharif memory zone,AGROCLIM_CURATED,Gujarat,Ahmedabad|Amreli|Anand|Arvalli|Banas Kantha|Bharuch|Bhavnagar|Botad|Chhotaudepur|Dahod|Dangs|Devbhumi Dwarka|Gandhinagar|Gir Somnath|Jamnagar|Junagadh|Kachchh|Kheda|Mahesana|Mahisagar|Morbi|Narmada|Navsari|Panch Mahals|Patan|Porbandar|Rajkot|Sabar Kantha|Surat|Surendranagar|Tapi|Vadodara|Valsad,,,,,kharif,cotton|groundnut|jute|maize|pigeonpea|rice,cotton|groundnut|jute|maize|pigeonpea|rice|soybean,bajra|blackgram|greengram|sesame|sorghum,,See row-level evidence_text and source_ref in exploded CSV,medium,moderate,drought|flood,"Compiled zone-memory dataset from official India agriculture portals; district assignment is localization metadata, not district-level agronomy proof.",Compiled from cited official source rows,See exploded CSV source_ref,incomplete
AGROCLIM_GUJARAT_RABI,Gujarat rabi memory zone,AGROCLIM_CURATED,Gujarat,Ahmedabad|Amreli|Anand|Arvalli|Banas Kantha|Bharuch|Bhavnagar|Botad|Chhotaudepur|Dahod|Dangs|Devbhumi Dwarka|Gandhinagar|Gir Somnath|Jamnagar|Junagadh|Kachchh|Kheda|Mahesana|Mahisagar|Morbi|Narmada|Navsari|Panch Mahals|Patan|Porbandar|Rajkot|Sabar Kantha|Surat|Surendranagar|Tapi|Vadodara|Valsad,,,,,rabi,barley|chickpea|mustard|wheat,barley|chickpea|mustard|wheat,lentil|linseed|oat|pea,,See row-level evidence_text and source_ref in exploded CSV,medium,moderate,frost,"Compiled zone-memory dataset from official India agriculture portals; district assignment is localization metadata, not district-level agronomy proof.",Compiled from cited official source rows,See exploded CSV source_ref,incomplete
AGROCLIM_GUJARAT_ZAID,Gujarat zaid memory zone,AGROCLIM_CURATED,Gujarat,Ahmedabad|Amreli|Anand|Arvalli|Banas Kantha|Bharuch|Bhavnagar|Botad|Chhotaudepur|Dahod|Dangs|Devbhumi Dwarka|Gandhinagar|Gir Somnath|Jamnagar|Junagadh|Kachchh|Kheda|Mahesana|Mahisagar|Morbi|Narmada|Navsari|Panch Mahals|Patan|Porbandar|Rajkot|Sabar Kantha|Surat|Surendranagar|Tapi|Vadodara|Valsad,,,,,zaid,cucumber|muskmelon|watermelon,cucumber|muskmelon|watermelon,fodder_maize|sunflower,,See row-level evidence_text and source_ref in exploded CSV,medium,moderate,heat,"Compiled zone-memory dataset from official India agriculture portals; district assignment is localization metadata, not district-level agronomy proof.",Compiled from cited official source rows,See exploded CSV source_ref,incomplete
AGROCLIM_HARYANA_KHARIF,Haryana kharif memory zone,AGROCLIM_CURATED,Haryana,Ambala|Bhiwani|Charkhi Dadri|Faridabad|Fatehabad|Gurugram|Hisar|Jhajjar|Jind|Kaithal|Karnal|Kurukshetra|Mahendragarh|Nuh|Palwal|Panchkula|Panipat|Rewari|Rohtak|Sirsa|Sonipat|Yamunanagar,27.6,30.9,74.4,77.6,kharif,cotton|groundnut|jute|maize|pigeonpea|rice,cotton|groundnut|jute|maize|pigeonpea|rice|soybean,bajra|blackgram|greengram|sesame|sorghum,,See row-level evidence_text and source_ref in exploded CSV,medium,moderate,drought|flood,"Compiled zone-memory dataset from official India agriculture portals; district assignment is localization metadata, not district-level agronomy proof.",Compiled from cited official source rows,See exploded CSV source_ref,incomplete
AGROCLIM_HARYANA_RABI,Haryana rabi memory zone,AGROCLIM_CURATED,Haryana,Ambala|Bhiwani|Charkhi Dadri|Faridabad|Fatehabad|Gurugram|Hisar|Jhajjar|Jind|Kaithal|Karnal|Kurukshetra|Mahendragarh|Nuh|Palwal|Panchkula|Panipat|Rewari|Rohtak|Sirsa|Sonipat|Yamunanagar,27.6,30.9,74.4,77.6,rabi,barley|chickpea|mustard|wheat,barley|chickpea|mustard|wheat,lentil|linseed|oat|pea,,See row-level evidence_text and source_ref in exploded CSV,medium,moderate,frost,"Compiled zone-memory dataset from official India agriculture portals; district assignment is localization metadata, not district-level agronomy proof.",Compiled from cited official source rows,See exploded CSV source_ref,incomplete
AGROCLIM_HARYANA_ZAID,Haryana zaid memory zone,AGROCLIM_CURATED,Haryana,Ambala|Bhiwani|Charkhi Dadri|Faridabad|Fatehabad|Gurugram|Hisar|Jhajjar|Jind|Kaithal|Karnal|Kurukshetra|Mahendragarh|Nuh|Palwal|Panchkula|Panipat|Rewari|Rohtak|Sirsa|Sonipat|Yamunanagar,27.6,30.9,74.4,77.6,zaid,cucumber|muskmelon|watermelon,cucumber|muskmelon|watermelon,fodder_maize|sunflower,,See row-level evidence_text and source_ref in exploded CSV,medium,moderate,heat,"Compiled zone-memory dataset from official India agriculture portals; district assignment is localization metadata, not district-level agronomy proof.",Compiled from cited official source rows,See exploded CSV source_ref,incomplete
AGROCLIM_HIMACHAL_PRADESH_KHARIF,Himachal Pradesh kharif memory zone,AGROCLIM_CURATED,Himachal Pradesh,Bilaspur|Chamba|Hamirpur|Kangra|Kinnaur|Kullu|Lahaul And Spiti|Mandi|Shimla|Sirmaur|Solan|Una,,,,,kharif,cotton|groundnut|jute|maize|pigeonpea|rice,cotton|groundnut|jute|maize|pigeonpea|rice|soybean,bajra|blackgram|greengram|sesame|sorghum,,See row-level evidence_text and source_ref in exploded CSV,medium,moderate,drought|flood,"Compiled zone-memory dataset from official India agriculture portals; district assignment is localization metadata, not district-level agronomy proof.",Compiled from cited official source rows,See exploded CSV source_ref,incomplete
AGROCLIM_HIMACHAL_PRADESH_RABI,Himachal Pradesh rabi memory zone,AGROCLIM_CURATED,Himachal Pradesh,Bilaspur|Chamba|Hamirpur|Kangra|Kinnaur|Kullu|Lahaul And Spiti|Mandi|Shimla|Sirmaur|Solan|Una,,,,,rabi,barley|chickpea|mustard|wheat,barley|chickpea|mustard|wheat,lentil|linseed|oat|pea,,See row-level evidence_text and source_ref in exploded CSV,medium,moderate,frost,"Compiled zone-memory dataset from official India agriculture portals; district assignment is localization metadata, not district-level agronomy proof.",Compiled from cited official source rows,See exploded CSV source_ref,incomplete
AGROCLIM_HIMACHAL_PRADESH_ZAID,Himachal Pradesh zaid memory zone,AGROCLIM_CURATED,Himachal Pradesh,Bilaspur|Chamba|Hamirpur|Kangra|Kinnaur|Kullu|Lahaul And Spiti|Mandi|Shimla|Sirmaur|Solan|Una,,,,,zaid,cucumber|muskmelon|watermelon,cucumber|muskmelon|watermelon,fodder_maize|sunflower,,See row-level evidence_text and source_ref in exploded CSV,medium,moderate,heat,"Compiled zone-memory dataset from official India agriculture portals; district assignment is localization metadata, not district-level agronomy proof.",Compiled from cited official source rows,See exploded CSV source_ref,incomplete
AGROCLIM_JAMMU_AND_KASHMIR_KHARIF,Jammu And Kashmir kharif memory zone,AGROCLIM_CURATED,Jammu And Kashmir,Anantnag|Bandipora|Baramulla|Budgam|Doda|Ganderbal|Jammu|Kathua|Kishtwar|Kulgam|Kupwara|Poonch|Pulwama|Rajouri|Ramban|Reasi|Samba|Shopian|Srinagar|Udhampur,,,,,kharif,cotton|groundnut|jute|maize|pigeonpea|rice,cotton|groundnut|jute|maize|pigeonpea|rice|soybean,bajra|blackgram|greengram|sesame|sorghum,,See row-level evidence_text and source_ref in exploded CSV,medium,moderate,drought|flood,"Compiled zone-memory dataset from official India agriculture portals; district assignment is localization metadata, not district-level agronomy proof.",Compiled from cited official source rows,See exploded CSV source_ref,incomplete
AGROCLIM_JAMMU_AND_KASHMIR_RABI,Jammu And Kashmir rabi memory zone,AGROCLIM_CURATED,Jammu And Kashmir,Anantnag|Bandipora|Baramulla|Budgam|Doda|Ganderbal|Jammu|Kathua|Kishtwar|Kulgam|Kupwara|Poonch|Pulwama|Rajouri|Ramban|Reasi|Samba|Shopian|Srinagar|Udhampur,,,,,rabi,barley|chickpea|mustard|wheat,barley|chickpea|mustard|wheat,lentil|linseed|oat|pea,,See row-level evidence_text and source_ref in exploded CSV,medium,moderate,frost,"Compiled zone-memory dataset from official India agriculture portals; district assignment is localization metadata, not district-level agronomy proof.",Compiled from cited official source rows,See exploded CSV source_ref,incomplete
AGROCLIM_JAMMU_AND_KASHMIR_ZAID,Jammu And Kashmir zaid memory zone,AGROCLIM_CURATED,Jammu And Kashmir,Anantnag|Bandipora|Baramulla|Budgam|Doda|Ganderbal|Jammu|Kathua|Kishtwar|Kulgam|Kupwara|Poonch|Pulwama|Rajouri|Ramban|Reasi|Samba|Shopian|Srinagar|Udhampur,,,,,zaid,cucumber|muskmelon|watermelon,cucumber|muskmelon|watermelon,fodder_maize|sunflower,,See row-level evidence_text and source_ref in exploded CSV,medium,moderate,heat,"Compiled zone-memory dataset from official India agriculture portals; district assignment is localization metadata, not district-level agronomy proof.",Compiled from cited official source rows,See exploded CSV source_ref,incomplete
AGROCLIM_JHARKHAND_KHARIF,Jharkhand kharif memory zone,AGROCLIM_CURATED,Jharkhand,Bokaro|Chatra|Deoghar|Dhanbad|Dumka|East Singhbum|Garhwa|Giridih|Godda|Gumla|Hazaribagh|Jamtara|Khunti|Koderma|Latehar|Lohardaga|Pakur|Palamu|Ramgarh|Ranchi|Sahebganj|Saraikela Kharsawan|Simdega|West Singhbhum,,,,,kharif,cotton|groundnut|jute|maize|pigeonpea|rice,cotton|groundnut|jute|maize|pigeonpea|rice|soybean,bajra|blackgram|greengram|sesame|sorghum,,See row-level evidence_text and source_ref in exploded CSV,medium,moderate,drought|flood,"Compiled zone-memory dataset from official India agriculture portals; district assignment is localization metadata, not district-level agronomy proof.",Compiled from cited official source rows,See exploded CSV source_ref,incomplete
AGROCLIM_JHARKHAND_RABI,Jharkhand rabi memory zone,AGROCLIM_CURATED,Jharkhand,Bokaro|Chatra|Deoghar|Dhanbad|Dumka|East Singhbum|Garhwa|Giridih|Godda|Gumla|Hazaribagh|Jamtara|Khunti|Koderma|Latehar|Lohardaga|Pakur|Palamu|Ramgarh|Ranchi|Sahebganj|Saraikela Kharsawan|Simdega|West Singhbhum,,,,,rabi,barley|chickpea|mustard|wheat,barley|chickpea|mustard|wheat,lentil|linseed|oat|pea,,See row-level evidence_text and source_ref in exploded CSV,medium,moderate,frost,"Compiled zone-memory dataset from official India agriculture portals; district assignment is localization metadata, not district-level agronomy proof.",Compiled from cited official source rows,See exploded CSV source_ref,incomplete
AGROCLIM_JHARKHAND_ZAID,Jharkhand zaid memory zone,AGROCLIM_CURATED,Jharkhand,Bokaro|Chatra|Deoghar|Dhanbad|Dumka|East Singhbum|Garhwa|Giridih|Godda|Gumla|Hazaribagh|Jamtara|Khunti|Koderma|Latehar|Lohardaga|Pakur|Palamu|Ramgarh|Ranchi|Sahebganj|Saraikela Kharsawan|Simdega|West Singhbhum,,,,,zaid,cucumber|muskmelon|watermelon,cucumber|muskmelon|watermelon,fodder_maize|sunflower,,See row-level evidence_text and source_ref in exploded CSV,medium,moderate,heat,"Compiled zone-memory dataset from official India agriculture portals; district assignment is localization metadata, not district-level agronomy proof.",Compiled from cited official source rows,See exploded CSV source_ref,incomplete
AGROCLIM_KARNATAKA_KHARIF,Karnataka kharif memory zone,AGROCLIM_CURATED,Karnataka,Bagalkote|Ballari|Belagavi|Bengaluru Rural|Bengaluru South|Bengaluru Urban|Bidar|Chamarajanagar|Chikkaballapura|Chikkamagaluru|Chitradurga|Dakshina Kannada|Davanagere|Dharwad|Gadag|Hassan|Haveri|Kalaburagi|Kodagu|Kolar|Koppal|Mandya|Mysuru|Raichur|Shivamogga|Tumakuru|Udupi|Uttara Kannada|Vijayanagara|Vijayapura|Yadgir,11.5,18.6,74.0,78.6,kharif,cotton|groundnut|jute|maize|pigeonpea|rice,cotton|groundnut|jute|maize|pigeonpea|rice|soybean,bajra|blackgram|greengram|sesame|sorghum,,See row-level evidence_text and source_ref in exploded CSV,medium,moderate,drought|flood,"Compiled zone-memory dataset from official India agriculture portals; district assignment is localization metadata, not district-level agronomy proof.",Compiled from cited official source rows,See exploded CSV source_ref,incomplete
AGROCLIM_KARNATAKA_RABI,Karnataka rabi memory zone,AGROCLIM_CURATED,Karnataka,Bagalkote|Ballari|Belagavi|Bengaluru Rural|Bengaluru South|Bengaluru Urban|Bidar|Chamarajanagar|Chikkaballapura|Chikkamagaluru|Chitradurga|Dakshina Kannada|Davanagere|Dharwad|Gadag|Hassan|Haveri|Kalaburagi|Kodagu|Kolar|Koppal|Mandya|Mysuru|Raichur|Shivamogga|Tumakuru|Udupi|Uttara Kannada|Vijayanagara|Vijayapura|Yadgir,11.5,18.6,74.0,78.6,rabi,barley|chickpea|mustard|wheat,barley|chickpea|mustard|wheat,lentil|linseed|oat|pea,,See row-level evidence_text and source_ref in exploded CSV,medium,moderate,frost,"Compiled zone-memory dataset from official India agriculture portals; district assignment is localization metadata, not district-level agronomy proof.",Compiled from cited official source rows,See exploded CSV source_ref,incomplete
AGROCLIM_KARNATAKA_ZAID,Karnataka zaid memory zone,AGROCLIM_CURATED,Karnataka,Bagalkote|Ballari|Belagavi|Bengaluru Rural|Bengaluru South|Bengaluru Urban|Bidar|Chamarajanagar|Chikkaballapura|Chikkamagaluru|Chitradurga|Dakshina Kannada|Davanagere|Dharwad|Gadag|Hassan|Haveri|Kalaburagi|Kodagu|Kolar|Koppal|Mandya|Mysuru|Raichur|Shivamogga|Tumakuru|Udupi|Uttara Kannada|Vijayanagara|Vijayapura|Yadgir,11.5,18.6,74.0,78.6,zaid,cucumber|muskmelon|watermelon,cucumber|muskmelon|watermelon,fodder_maize|sunflower,,See row-level evidence_text and source_ref in exploded CSV,medium,moderate,heat,"Compiled zone-memory dataset from official India agriculture portals; district assignment is localization metadata, not district-level agronomy proof.",Compiled from cited official source rows,See exploded CSV source_ref,incomplete
AGROCLIM_KERALA_KHARIF,Kerala kharif memory zone,AGROCLIM_CURATED,Kerala,Alappuzha|Ernakulam|Idukki|Kannur|Kasaragod|Kollam|Kottayam|Kozhikode|Malappuram|Palakkad|Pathanamthitta|Thiruvananthapuram|Thrissur|Wayanad,,,,,kharif,cotton|groundnut|jute|maize|pigeonpea|rice,cotton|groundnut|jute|maize|pigeonpea|rice|soybean,bajra|blackgram|greengram|sesame|sorghum,,See row-level evidence_text and source_ref in exploded CSV,medium,moderate,drought|flood,"Compiled zone-memory dataset from official India agriculture portals; district assignment is localization metadata, not district-level agronomy proof.",Compiled from cited official source rows,See exploded CSV source_ref,incomplete
AGROCLIM_KERALA_RABI,Kerala rabi memory zone,AGROCLIM_CURATED,Kerala,Alappuzha|Ernakulam|Idukki|Kannur|Kasaragod|Kollam|Kottayam|Kozhikode|Malappuram|Palakkad|Pathanamthitta|Thiruvananthapuram|Thrissur|Wayanad,,,,,rabi,barley|chickpea|mustard|wheat,barley|chickpea|mustard|wheat,lentil|linseed|oat|pea,,See row-level evidence_text and source_ref in exploded CSV,medium,moderate,frost,"Compiled zone-memory dataset from official India agriculture portals; district assignment is localization metadata, not district-level agronomy proof.",Compiled from cited official source rows,See exploded CSV source_ref,incomplete
AGROCLIM_KERALA_ZAID,Kerala zaid memory zone,AGROCLIM_CURATED,Kerala,Alappuzha|Ernakulam|Idukki|Kannur|Kasaragod|Kollam|Kottayam|Kozhikode|Malappuram|Palakkad|Pathanamthitta|Thiruvananthapuram|Thrissur|Wayanad,,,,,zaid,cucumber|muskmelon|watermelon,cucumber|muskmelon|watermelon,fodder_maize|sunflower,,See row-level evidence_text and source_ref in exploded CSV,medium,moderate,heat,"Compiled zone-memory dataset from official India agriculture portals; district assignment is localization metadata, not district-level agronomy proof.",Compiled from cited official source rows,See exploded CSV source_ref,incomplete
AGROCLIM_LADAKH_KHARIF,Ladakh kharif memory zone,AGROCLIM_CURATED,Ladakh,Kargil|Leh Ladakh,,,,,kharif,cotton|groundnut|jute|maize|pigeonpea|rice,cotton|groundnut|jute|maize|pigeonpea|rice|soybean,bajra|blackgram|greengram|sesame|sorghum,,See row-level evidence_text and source_ref in exploded CSV,medium,moderate,drought|flood,"Compiled zone-memory dataset from official India agriculture portals; district assignment is localization metadata, not district-level agronomy proof.",Compiled from cited official source rows,See exploded CSV source_ref,incomplete
AGROCLIM_LADAKH_RABI,Ladakh rabi memory zone,AGROCLIM_CURATED,Ladakh,Kargil|Leh Ladakh,,,,,rabi,barley|chickpea|mustard|wheat,barley|chickpea|mustard|wheat,lentil|linseed|oat|pea,,See row-level evidence_text and source_ref in exploded CSV,medium,moderate,frost,"Compiled zone-memory dataset from official India agriculture portals; district assignment is localization metadata, not district-level agronomy proof.",Compiled from cited official source rows,See exploded CSV source_ref,incomplete
AGROCLIM_LADAKH_ZAID,Ladakh zaid memory zone,AGROCLIM_CURATED,Ladakh,Kargil|Leh Ladakh,,,,,zaid,cucumber|muskmelon|watermelon,cucumber|muskmelon|watermelon,fodder_maize|sunflower,,See row-level evidence_text and source_ref in exploded CSV,medium,moderate,heat,"Compiled zone-memory dataset from official India agriculture portals; district assignment is localization metadata, not district-level agronomy proof.",Compiled from cited official source rows,See exploded CSV source_ref,incomplete
AGROCLIM_LAKSHADWEEP_KHARIF,Lakshadweep kharif memory zone,AGROCLIM_CURATED,Lakshadweep,Lakshadweep District,,,,,kharif,cotton|groundnut|jute|maize|pigeonpea|rice,cotton|groundnut|jute|maize|pigeonpea|rice|soybean,bajra|blackgram|greengram|sesame|sorghum,,See row-level evidence_text and source_ref in exploded CSV,medium,moderate,drought|flood,"Compiled zone-memory dataset from official India agriculture portals; district assignment is localization metadata, not district-level agronomy proof.",Compiled from cited official source rows,See exploded CSV source_ref,incomplete
AGROCLIM_LAKSHADWEEP_RABI,Lakshadweep rabi memory zone,AGROCLIM_CURATED,Lakshadweep,Lakshadweep District,,,,,rabi,barley|chickpea|mustard|wheat,barley|chickpea|mustard|wheat,lentil|linseed|oat|pea,,See row-level evidence_text and source_ref in exploded CSV,medium,moderate,frost,"Compiled zone-memory dataset from official India agriculture portals; district assignment is localization metadata, not district-level agronomy proof.",Compiled from cited official source rows,See exploded CSV source_ref,incomplete
AGROCLIM_LAKSHADWEEP_ZAID,Lakshadweep zaid memory zone,AGROCLIM_CURATED,Lakshadweep,Lakshadweep District,,,,,zaid,cucumber|muskmelon|watermelon,cucumber|muskmelon|watermelon,fodder_maize|sunflower,,See row-level evidence_text and source_ref in exploded CSV,medium,moderate,heat,"Compiled zone-memory dataset from official India agriculture portals; district assignment is localization metadata, not district-level agronomy proof.",Compiled from cited official source rows,See exploded CSV source_ref,incomplete
AGROCLIM_MADHYA_PRADESH_KHARIF,Madhya Pradesh kharif memory zone,AGROCLIM_CURATED,Madhya Pradesh,Agar-Malwa|Alirajpur|Anuppur|Ashoknagar|Balaghat|Barwani|Betul|Bhind|Bhopal|Burhanpur|Chhatarpur|Chhindwara|Damoh|Datia|Dewas|Dhar|Dindori|Guna|Gwalior|Harda|Indore|Jabalpur|Jhabua|Katni|Khandwa (East Nimar)|Khargone (West Nimar)|MAUGANJ|Maihar|Mandla|Mandsaur|Morena|Narmadapuram|Narsimhapur|Neemuch|Niwari|Pandhurna|Panna|Raisen|Rajgarh|Ratlam|Rewa|Sagar|Satna|Sehore|Seoni|Shahdol|Shajapur|Sheopur|Shivpuri|Sidhi|Singrauli|Tikamgarh|Ujjain|Umaria|Vidisha,,,,,kharif,cotton|groundnut|jute|maize|pigeonpea|rice,cotton|groundnut|jute|maize|pigeonpea|rice|soybean,bajra|blackgram|greengram|sesame|sorghum,,See row-level evidence_text and source_ref in exploded CSV,medium,moderate,drought|flood,"Compiled zone-memory dataset from official India agriculture portals; district assignment is localization metadata, not district-level agronomy proof.",Compiled from cited official source rows,See exploded CSV source_ref,incomplete
AGROCLIM_MADHYA_PRADESH_RABI,Madhya Pradesh rabi memory zone,AGROCLIM_CURATED,Madhya Pradesh,Agar-Malwa|Alirajpur|Anuppur|Ashoknagar|Balaghat|Barwani|Betul|Bhind|Bhopal|Burhanpur|Chhatarpur|Chhindwara|Damoh|Datia|Dewas|Dhar|Dindori|Guna|Gwalior|Harda|Indore|Jabalpur|Jhabua|Katni|Khandwa (East Nimar)|Khargone (West Nimar)|MAUGANJ|Maihar|Mandla|Mandsaur|Morena|Narmadapuram|Narsimhapur|Neemuch|Niwari|Pandhurna|Panna|Raisen|Rajgarh|Ratlam|Rewa|Sagar|Satna|Sehore|Seoni|Shahdol|Shajapur|Sheopur|Shivpuri|Sidhi|Singrauli|Tikamgarh|Ujjain|Umaria|Vidisha,,,,,rabi,barley|chickpea|mustard|wheat,barley|chickpea|mustard|wheat,lentil|linseed|oat|pea,,See row-level evidence_text and source_ref in exploded CSV,medium,moderate,frost,"Compiled zone-memory dataset from official India agriculture portals; district assignment is localization metadata, not district-level agronomy proof.",Compiled from cited official source rows,See exploded CSV source_ref,incomplete
AGROCLIM_MADHYA_PRADESH_ZAID,Madhya Pradesh zaid memory zone,AGROCLIM_CURATED,Madhya Pradesh,Agar-Malwa|Alirajpur|Anuppur|Ashoknagar|Balaghat|Barwani|Betul|Bhind|Bhopal|Burhanpur|Chhatarpur|Chhindwara|Damoh|Datia|Dewas|Dhar|Dindori|Guna|Gwalior|Harda|Indore|Jabalpur|Jhabua|Katni|Khandwa (East Nimar)|Khargone (West Nimar)|MAUGANJ|Maihar|Mandla|Mandsaur|Morena|Narmadapuram|Narsimhapur|Neemuch|Niwari|Pandhurna|Panna|Raisen|Rajgarh|Ratlam|Rewa|Sagar|Satna|Sehore|Seoni|Shahdol|Shajapur|Sheopur|Shivpuri|Sidhi|Singrauli|Tikamgarh|Ujjain|Umaria|Vidisha,,,,,zaid,cucumber|muskmelon|watermelon,cucumber|muskmelon|watermelon,fodder_maize|sunflower,,See row-level evidence_text and source_ref in exploded CSV,medium,moderate,heat,"Compiled zone-memory dataset from official India agriculture portals; district assignment is localization metadata, not district-level agronomy proof.",Compiled from cited official source rows,See exploded CSV source_ref,incomplete
AGROCLIM_MAHARASHTRA_KHARIF,Maharashtra kharif memory zone,AGROCLIM_CURATED,Maharashtra,Ahilyanagar|Akola|Amravati|Beed|Bhandara|Buldhana|Chandrapur|Chhatrapati Sambhajinagar|Dharashiv|Dhule|Gadchiroli|Gondia|Hingoli|Jalgaon|Jalna|Kolhapur|Latur|Mumbai|Mumbai Suburban|Nagpur|Nanded|Nandurbar|Nashik|Palghar|Parbhani|Pune|Raigad|Ratnagiri|Sangli|Satara|Sindhudurg|Solapur|Thane|Wardha|Washim|Yavatmal,15.6,22.1,72.6,80.9,kharif,cotton|groundnut|jute|maize|pigeonpea|rice,cotton|groundnut|jute|maize|pigeonpea|rice|soybean,bajra|blackgram|greengram|sesame|sorghum,,See row-level evidence_text and source_ref in exploded CSV,medium,moderate,drought|flood,"Compiled zone-memory dataset from official India agriculture portals; district assignment is localization metadata, not district-level agronomy proof.",Compiled from cited official source rows,See exploded CSV source_ref,incomplete
AGROCLIM_MAHARASHTRA_RABI,Maharashtra rabi memory zone,AGROCLIM_CURATED,Maharashtra,Ahilyanagar|Akola|Amravati|Beed|Bhandara|Buldhana|Chandrapur|Chhatrapati Sambhajinagar|Dharashiv|Dhule|Gadchiroli|Gondia|Hingoli|Jalgaon|Jalna|Kolhapur|Latur|Mumbai|Mumbai Suburban|Nagpur|Nanded|Nandurbar|Nashik|Palghar|Parbhani|Pune|Raigad|Ratnagiri|Sangli|Satara|Sindhudurg|Solapur|Thane|Wardha|Washim|Yavatmal,15.6,22.1,72.6,80.9,rabi,barley|chickpea|mustard|wheat,barley|chickpea|mustard|wheat,lentil|linseed|oat|pea,,See row-level evidence_text and source_ref in exploded CSV,medium,moderate,frost,"Compiled zone-memory dataset from official India agriculture portals; district assignment is localization metadata, not district-level agronomy proof.",Compiled from cited official source rows,See exploded CSV source_ref,incomplete
AGROCLIM_MAHARASHTRA_ZAID,Maharashtra zaid memory zone,AGROCLIM_CURATED,Maharashtra,Ahilyanagar|Akola|Amravati|Beed|Bhandara|Buldhana|Chandrapur|Chhatrapati Sambhajinagar|Dharashiv|Dhule|Gadchiroli|Gondia|Hingoli|Jalgaon|Jalna|Kolhapur|Latur|Mumbai|Mumbai Suburban|Nagpur|Nanded|Nandurbar|Nashik|Palghar|Parbhani|Pune|Raigad|Ratnagiri|Sangli|Satara|Sindhudurg|Solapur|Thane|Wardha|Washim|Yavatmal,15.6,22.1,72.6,80.9,zaid,cucumber|muskmelon|watermelon,cucumber|muskmelon|watermelon,fodder_maize|sunflower,,See row-level evidence_text and source_ref in exploded CSV,medium,moderate,heat,"Compiled zone-memory dataset from official India agriculture portals; district assignment is localization metadata, not district-level agronomy proof.",Compiled from cited official source rows,See exploded CSV source_ref,incomplete
AGROCLIM_MANIPUR_KHARIF,Manipur kharif memory zone,AGROCLIM_CURATED,Manipur,Bishnupur|Chandel|Churachandpur|Imphal East|Imphal West|Jiribam|Kakching|Kamjong|Kangpokpi|Noney|Pherzawl|Senapati|Tamenglong|Tengnoupal|Thoubal|Ukhrul,,,,,kharif,cotton|groundnut|jute|maize|pigeonpea|rice,cotton|groundnut|jute|maize|pigeonpea|rice|soybean,bajra|blackgram|greengram|sesame|sorghum,,See row-level evidence_text and source_ref in exploded CSV,medium,moderate,drought|flood,"Compiled zone-memory dataset from official India agriculture portals; district assignment is localization metadata, not district-level agronomy proof.",Compiled from cited official source rows,See exploded CSV source_ref,incomplete
AGROCLIM_MANIPUR_RABI,Manipur rabi memory zone,AGROCLIM_CURATED,Manipur,Bishnupur|Chandel|Churachandpur|Imphal East|Imphal West|Jiribam|Kakching|Kamjong|Kangpokpi|Noney|Pherzawl|Senapati|Tamenglong|Tengnoupal|Thoubal|Ukhrul,,,,,rabi,barley|chickpea|mustard|wheat,barley|chickpea|mustard|wheat,lentil|linseed|oat|pea,,See row-level evidence_text and source_ref in exploded CSV,medium,moderate,frost,"Compiled zone-memory dataset from official India agriculture portals; district assignment is localization metadata, not district-level agronomy proof.",Compiled from cited official source rows,See exploded CSV source_ref,incomplete
AGROCLIM_MANIPUR_ZAID,Manipur zaid memory zone,AGROCLIM_CURATED,Manipur,Bishnupur|Chandel|Churachandpur|Imphal East|Imphal West|Jiribam|Kakching|Kamjong|Kangpokpi|Noney|Pherzawl|Senapati|Tamenglong|Tengnoupal|Thoubal|Ukhrul,,,,,zaid,cucumber|muskmelon|watermelon,cucumber|muskmelon|watermelon,fodder_maize|sunflower,,See row-level evidence_text and source_ref in exploded CSV,medium,moderate,heat,"Compiled zone-memory dataset from official India agriculture portals; district assignment is localization metadata, not district-level agronomy proof.",Compiled from cited official source rows,See exploded CSV source_ref,incomplete
AGROCLIM_MEGHALAYA_KHARIF,Meghalaya kharif memory zone,AGROCLIM_CURATED,Meghalaya,East Garo Hills|East Jaintia Hills|East Khasi Hills|Eastern West Khasi Hills|North Garo Hills|Ri Bhoi|South Garo Hills|South West Garo Hills|South West Khasi Hills|West Garo Hills|West Jaintia Hills|West Khasi Hills,,,,,kharif,cotton|groundnut|jute|maize|pigeonpea|rice,cotton|groundnut|jute|maize|pigeonpea|rice|soybean,bajra|blackgram|greengram|sesame|sorghum,,See row-level evidence_text and source_ref in exploded CSV,medium,moderate,drought|flood,"Compiled zone-memory dataset from official India agriculture portals; district assignment is localization metadata, not district-level agronomy proof.",Compiled from cited official source rows,See exploded CSV source_ref,incomplete
AGROCLIM_MEGHALAYA_RABI,Meghalaya rabi memory zone,AGROCLIM_CURATED,Meghalaya,East Garo Hills|East Jaintia Hills|East Khasi Hills|Eastern West Khasi Hills|North Garo Hills|Ri Bhoi|South Garo Hills|South West Garo Hills|South West Khasi Hills|West Garo Hills|West Jaintia Hills|West Khasi Hills,,,,,rabi,barley|chickpea|mustard|wheat,barley|chickpea|mustard|wheat,lentil|linseed|oat|pea,,See row-level evidence_text and source_ref in exploded CSV,medium,moderate,frost,"Compiled zone-memory dataset from official India agriculture portals; district assignment is localization metadata, not district-level agronomy proof.",Compiled from cited official source rows,See exploded CSV source_ref,incomplete
AGROCLIM_MEGHALAYA_ZAID,Meghalaya zaid memory zone,AGROCLIM_CURATED,Meghalaya,East Garo Hills|East Jaintia Hills|East Khasi Hills|Eastern West Khasi Hills|North Garo Hills|Ri Bhoi|South Garo Hills|South West Garo Hills|South West Khasi Hills|West Garo Hills|West Jaintia Hills|West Khasi Hills,,,,,zaid,cucumber|muskmelon|watermelon,cucumber|muskmelon|watermelon,fodder_maize|sunflower,,See row-level evidence_text and source_ref in exploded CSV,medium,moderate,heat,"Compiled zone-memory dataset from official India agriculture portals; district assignment is localization metadata, not district-level agronomy proof.",Compiled from cited official source rows,See exploded CSV source_ref,incomplete
AGROCLIM_MIZORAM_KHARIF,Mizoram kharif memory zone,AGROCLIM_CURATED,Mizoram,Aizawl|Champhai|Hnahthial|Khawzawl|Kolasib|Lawngtlai|Lunglei|Mamit|Saitual|Serchhip|Siaha,,,,,kharif,cotton|groundnut|jute|maize|pigeonpea|rice,cotton|groundnut|jute|maize|pigeonpea|rice|soybean,bajra|blackgram|greengram|sesame|sorghum,,See row-level evidence_text and source_ref in exploded CSV,medium,moderate,drought|flood,"Compiled zone-memory dataset from official India agriculture portals; district assignment is localization metadata, not district-level agronomy proof.",Compiled from cited official source rows,See exploded CSV source_ref,incomplete
AGROCLIM_MIZORAM_RABI,Mizoram rabi memory zone,AGROCLIM_CURATED,Mizoram,Aizawl|Champhai|Hnahthial|Khawzawl|Kolasib|Lawngtlai|Lunglei|Mamit|Saitual|Serchhip|Siaha,,,,,rabi,barley|chickpea|mustard|wheat,barley|chickpea|mustard|wheat,lentil|linseed|oat|pea,,See row-level evidence_text and source_ref in exploded CSV,medium,moderate,frost,"Compiled zone-memory dataset from official India agriculture portals; district assignment is localization metadata, not district-level agronomy proof.",Compiled from cited official source rows,See exploded CSV source_ref,incomplete
AGROCLIM_MIZORAM_ZAID,Mizoram zaid memory zone,AGROCLIM_CURATED,Mizoram,Aizawl|Champhai|Hnahthial|Khawzawl|Kolasib|Lawngtlai|Lunglei|Mamit|Saitual|Serchhip|Siaha,,,,,zaid,cucumber|muskmelon|watermelon,cucumber|muskmelon|watermelon,fodder_maize|sunflower,,See row-level evidence_text and source_ref in exploded CSV,medium,moderate,heat,"Compiled zone-memory dataset from official India agriculture portals; district assignment is localization metadata, not district-level agronomy proof.",Compiled from cited official source rows,See exploded CSV source_ref,incomplete
AGROCLIM_NAGALAND_KHARIF,Nagaland kharif memory zone,AGROCLIM_CURATED,Nagaland,Chumoukedima|Dimapur|Kiphire|Kohima|Longleng|Meluri|Mokokchung|Mon|Niuland|Noklak|Peren|Phek|Shamator|Tseminyu|Tuensang|Wokha|Zunheboto,,,,,kharif,cotton|groundnut|jute|maize|pigeonpea|rice,cotton|groundnut|jute|maize|pigeonpea|rice|soybean,bajra|blackgram|greengram|sesame|sorghum,,See row-level evidence_text and source_ref in exploded CSV,medium,moderate,drought|flood,"Compiled zone-memory dataset from official India agriculture portals; district assignment is localization metadata, not district-level agronomy proof.",Compiled from cited official source rows,See exploded CSV source_ref,incomplete
AGROCLIM_NAGALAND_RABI,Nagaland rabi memory zone,AGROCLIM_CURATED,Nagaland,Chumoukedima|Dimapur|Kiphire|Kohima|Longleng|Meluri|Mokokchung|Mon|Niuland|Noklak|Peren|Phek|Shamator|Tseminyu|Tuensang|Wokha|Zunheboto,,,,,rabi,barley|chickpea|mustard|wheat,barley|chickpea|mustard|wheat,lentil|linseed|oat|pea,,See row-level evidence_text and source_ref in exploded CSV,medium,moderate,frost,"Compiled zone-memory dataset from official India agriculture portals; district assignment is localization metadata, not district-level agronomy proof.",Compiled from cited official source rows,See exploded CSV source_ref,incomplete
AGROCLIM_NAGALAND_ZAID,Nagaland zaid memory zone,AGROCLIM_CURATED,Nagaland,Chumoukedima|Dimapur|Kiphire|Kohima|Longleng|Meluri|Mokokchung|Mon|Niuland|Noklak|Peren|Phek|Shamator|Tseminyu|Tuensang|Wokha|Zunheboto,,,,,zaid,cucumber|muskmelon|watermelon,cucumber|muskmelon|watermelon,fodder_maize|sunflower,,See row-level evidence_text and source_ref in exploded CSV,medium,moderate,heat,"Compiled zone-memory dataset from official India agriculture portals; district assignment is localization metadata, not district-level agronomy proof.",Compiled from cited official source rows,See exploded CSV source_ref,incomplete
AGROCLIM_ODISHA_KHARIF,Odisha kharif memory zone,AGROCLIM_CURATED,Odisha,Anugul|Balangir|Baleshwar|Bargarh|Bhadrak|Boudh|Cuttack|Deogarh|Dhenkanal|Gajapati|Ganjam|Jagatsinghapur|Jajapur|Jharsuguda|Kalahandi|Kandhamal|Kendrapara|Kendujhar|Khordha|Koraput|Malkangiri|Mayurbhanj|Nabarangpur|Nayagarh|Nuapada|Puri|Rayagada|Sambalpur|Sonepur|Sundargarh,,,,,kharif,cotton|groundnut|jute|maize|pigeonpea|rice,cotton|groundnut|jute|maize|pigeonpea|rice|soybean,bajra|blackgram|greengram|sesame|sorghum,,See row-level evidence_text and source_ref in exploded CSV,medium,moderate,drought|flood,"Compiled zone-memory dataset from official India agriculture portals; district assignment is localization metadata, not district-level agronomy proof.",Compiled from cited official source rows,See exploded CSV source_ref,incomplete
AGROCLIM_ODISHA_RABI,Odisha rabi memory zone,AGROCLIM_CURATED,Odisha,Anugul|Balangir|Baleshwar|Bargarh|Bhadrak|Boudh|Cuttack|Deogarh|Dhenkanal|Gajapati|Ganjam|Jagatsinghapur|Jajapur|Jharsuguda|Kalahandi|Kandhamal|Kendrapara|Kendujhar|Khordha|Koraput|Malkangiri|Mayurbhanj|Nabarangpur|Nayagarh|Nuapada|Puri|Rayagada|Sambalpur|Sonepur|Sundargarh,,,,,rabi,barley|chickpea|mustard|wheat,barley|chickpea|mustard|wheat,lentil|linseed|oat|pea,,See row-level evidence_text and source_ref in exploded CSV,medium,moderate,frost,"Compiled zone-memory dataset from official India agriculture portals; district assignment is localization metadata, not district-level agronomy proof.",Compiled from cited official source rows,See exploded CSV source_ref,incomplete
AGROCLIM_ODISHA_ZAID,Odisha zaid memory zone,AGROCLIM_CURATED,Odisha,Anugul|Balangir|Baleshwar|Bargarh|Bhadrak|Boudh|Cuttack|Deogarh|Dhenkanal|Gajapati|Ganjam|Jagatsinghapur|Jajapur|Jharsuguda|Kalahandi|Kandhamal|Kendrapara|Kendujhar|Khordha|Koraput|Malkangiri|Mayurbhanj|Nabarangpur|Nayagarh|Nuapada|Puri|Rayagada|Sambalpur|Sonepur|Sundargarh,,,,,zaid,cucumber|muskmelon|watermelon,cucumber|muskmelon|watermelon,fodder_maize|sunflower,,See row-level evidence_text and source_ref in exploded CSV,medium,moderate,heat,"Compiled zone-memory dataset from official India agriculture portals; district assignment is localization metadata, not district-level agronomy proof.",Compiled from cited official source rows,See exploded CSV source_ref,incomplete
AGROCLIM_PUDUCHERRY_KHARIF,Puducherry kharif memory zone,AGROCLIM_CURATED,Puducherry,Karaikal|Puducherry,,,,,kharif,cotton|groundnut|jute|maize|pigeonpea|rice,cotton|groundnut|jute|maize|pigeonpea|rice|soybean,bajra|blackgram|greengram|sesame|sorghum,,See row-level evidence_text and source_ref in exploded CSV,medium,moderate,drought|flood,"Compiled zone-memory dataset from official India agriculture portals; district assignment is localization metadata, not district-level agronomy proof.",Compiled from cited official source rows,See exploded CSV source_ref,incomplete
AGROCLIM_PUDUCHERRY_RABI,Puducherry rabi memory zone,AGROCLIM_CURATED,Puducherry,Karaikal|Puducherry,,,,,rabi,barley|chickpea|mustard|wheat,barley|chickpea|mustard|wheat,lentil|linseed|oat|pea,,See row-level evidence_text and source_ref in exploded CSV,medium,moderate,frost,"Compiled zone-memory dataset from official India agriculture portals; district assignment is localization metadata, not district-level agronomy proof.",Compiled from cited official source rows,See exploded CSV source_ref,incomplete
AGROCLIM_PUDUCHERRY_ZAID,Puducherry zaid memory zone,AGROCLIM_CURATED,Puducherry,Karaikal|Puducherry,,,,,zaid,cucumber|muskmelon|watermelon,cucumber|muskmelon|watermelon,fodder_maize|sunflower,,See row-level evidence_text and source_ref in exploded CSV,medium,moderate,heat,"Compiled zone-memory dataset from official India agriculture portals; district assignment is localization metadata, not district-level agronomy proof.",Compiled from cited official source rows,See exploded CSV source_ref,incomplete
AGROCLIM_PUNJAB_KHARIF,Punjab kharif memory zone,AGROCLIM_CURATED,Punjab,Amritsar|Barnala|Bathinda|Faridkot|Fatehgarh Sahib|Fazilka|Ferozepur|Gurdaspur|Hoshiarpur|Jalandhar|Kapurthala|Ludhiana|Malerkotla|Mansa|Moga|Pathankot|Patiala|Rupnagar|S.A.S Nagar|Sangrur|Shahid Bhagat Singh Nagar|Sri Muktsar Sahib|Tarn Taran,29.4,32.5,73.9,76.9,kharif,cotton|groundnut|jute|maize|pigeonpea|rice,cotton|groundnut|jute|maize|pigeonpea|rice|soybean,bajra|blackgram|greengram|sesame|sorghum,,See row-level evidence_text and source_ref in exploded CSV,medium,moderate,drought|flood,"Compiled zone-memory dataset from official India agriculture portals; district assignment is localization metadata, not district-level agronomy proof.",Compiled from cited official source rows,See exploded CSV source_ref,incomplete
AGROCLIM_PUNJAB_RABI,Punjab rabi memory zone,AGROCLIM_CURATED,Punjab,Amritsar|Barnala|Bathinda|Faridkot|Fatehgarh Sahib|Fazilka|Ferozepur|Gurdaspur|Hoshiarpur|Jalandhar|Kapurthala|Ludhiana|Malerkotla|Mansa|Moga|Pathankot|Patiala|Rupnagar|S.A.S Nagar|Sangrur|Shahid Bhagat Singh Nagar|Sri Muktsar Sahib|Tarn Taran,29.4,32.5,73.9,76.9,rabi,barley|chickpea|mustard|wheat,barley|chickpea|mustard|wheat,lentil|linseed|oat|pea,,See row-level evidence_text and source_ref in exploded CSV,medium,moderate,frost,"Compiled zone-memory dataset from official India agriculture portals; district assignment is localization metadata, not district-level agronomy proof.",Compiled from cited official source rows,See exploded CSV source_ref,incomplete
AGROCLIM_PUNJAB_ZAID,Punjab zaid memory zone,AGROCLIM_CURATED,Punjab,Amritsar|Barnala|Bathinda|Faridkot|Fatehgarh Sahib|Fazilka|Ferozepur|Gurdaspur|Hoshiarpur|Jalandhar|Kapurthala|Ludhiana|Malerkotla|Mansa|Moga|Pathankot|Patiala|Rupnagar|S.A.S Nagar|Sangrur|Shahid Bhagat Singh Nagar|Sri Muktsar Sahib|Tarn Taran,29.4,32.5,73.9,76.9,zaid,cucumber|muskmelon|watermelon,cucumber|muskmelon|watermelon,fodder_maize|sunflower,,See row-level evidence_text and source_ref in exploded CSV,medium,moderate,heat,"Compiled zone-memory dataset from official India agriculture portals; district assignment is localization metadata, not district-level agronomy proof.",Compiled from cited official source rows,See exploded CSV source_ref,incomplete
AGROCLIM_RAJASTHAN_KHARIF,Rajasthan kharif memory zone,AGROCLIM_CURATED,Rajasthan,Ajmer|Alwar|Balotra|Banswara|Baran|Barmer|Beawar|Bharatpur|Bhilwara|Bikaner|Bundi|Chittorgarh|Churu|Dausa|Deeg|Dholpur|Didwana-Kuchaman|Dungarpur|Ganganagar|Hanumangarh|Jaipur|Jaisalmer|Jalore|Jhalawar|Jhunjhunu|Jodhpur|Karauli|Khairthal-Tijara|Kota|Kotputli-Behror|Nagaur|Pali|Phalodi|Pratapgarh|Rajsamand|Salumbar|Sawai Madhopur|Sikar|Sirohi|Tonk|Udaipur,,,,,kharif,cotton|groundnut|jute|maize|pigeonpea|rice,cotton|groundnut|jute|maize|pigeonpea|rice|soybean,bajra|blackgram|greengram|sesame|sorghum,,See row-level evidence_text and source_ref in exploded CSV,medium,moderate,drought|flood,"Compiled zone-memory dataset from official India agriculture portals; district assignment is localization metadata, not district-level agronomy proof.",Compiled from cited official source rows,See exploded CSV source_ref,incomplete
AGROCLIM_RAJASTHAN_RABI,Rajasthan rabi memory zone,AGROCLIM_CURATED,Rajasthan,Ajmer|Alwar|Balotra|Banswara|Baran|Barmer|Beawar|Bharatpur|Bhilwara|Bikaner|Bundi|Chittorgarh|Churu|Dausa|Deeg|Dholpur|Didwana-Kuchaman|Dungarpur|Ganganagar|Hanumangarh|Jaipur|Jaisalmer|Jalore|Jhalawar|Jhunjhunu|Jodhpur|Karauli|Khairthal-Tijara|Kota|Kotputli-Behror|Nagaur|Pali|Phalodi|Pratapgarh|Rajsamand|Salumbar|Sawai Madhopur|Sikar|Sirohi|Tonk|Udaipur,,,,,rabi,barley|chickpea|mustard|wheat,barley|chickpea|mustard|wheat,lentil|linseed|oat|pea,,See row-level evidence_text and source_ref in exploded CSV,medium,moderate,frost,"Compiled zone-memory dataset from official India agriculture portals; district assignment is localization metadata, not district-level agronomy proof.",Compiled from cited official source rows,See exploded CSV source_ref,incomplete
AGROCLIM_RAJASTHAN_ZAID,Rajasthan zaid memory zone,AGROCLIM_CURATED,Rajasthan,Ajmer|Alwar|Balotra|Banswara|Baran|Barmer|Beawar|Bharatpur|Bhilwara|Bikaner|Bundi|Chittorgarh|Churu|Dausa|Deeg|Dholpur|Didwana-Kuchaman|Dungarpur|Ganganagar|Hanumangarh|Jaipur|Jaisalmer|Jalore|Jhalawar|Jhunjhunu|Jodhpur|Karauli|Khairthal-Tijara|Kota|Kotputli-Behror|Nagaur|Pali|Phalodi|Pratapgarh|Rajsamand|Salumbar|Sawai Madhopur|Sikar|Sirohi|Tonk|Udaipur,,,,,zaid,cucumber|muskmelon|watermelon,cucumber|muskmelon|watermelon,fodder_maize|sunflower,,See row-level evidence_text and source_ref in exploded CSV,medium,moderate,heat,"Compiled zone-memory dataset from official India agriculture portals; district assignment is localization metadata, not district-level agronomy proof.",Compiled from cited official source rows,See exploded CSV source_ref,incomplete
AGROCLIM_SIKKIM_KHARIF,Sikkim kharif memory zone,AGROCLIM_CURATED,Sikkim,Gangtok|Gyalshing|Mangan|Namchi|Pakyong|Soreng,,,,,kharif,cotton|groundnut|jute|maize|pigeonpea|rice,cotton|groundnut|jute|maize|pigeonpea|rice|soybean,bajra|blackgram|greengram|sesame|sorghum,,See row-level evidence_text and source_ref in exploded CSV,medium,moderate,drought|flood,"Compiled zone-memory dataset from official India agriculture portals; district assignment is localization metadata, not district-level agronomy proof.",Compiled from cited official source rows,See exploded CSV source_ref,incomplete
AGROCLIM_SIKKIM_RABI,Sikkim rabi memory zone,AGROCLIM_CURATED,Sikkim,Gangtok|Gyalshing|Mangan|Namchi|Pakyong|Soreng,,,,,rabi,barley|chickpea|mustard|wheat,barley|chickpea|mustard|wheat,lentil|linseed|oat|pea,,See row-level evidence_text and source_ref in exploded CSV,medium,moderate,frost,"Compiled zone-memory dataset from official India agriculture portals; district assignment is localization metadata, not district-level agronomy proof.",Compiled from cited official source rows,See exploded CSV source_ref,incomplete
AGROCLIM_SIKKIM_ZAID,Sikkim zaid memory zone,AGROCLIM_CURATED,Sikkim,Gangtok|Gyalshing|Mangan|Namchi|Pakyong|Soreng,,,,,zaid,cucumber|muskmelon|watermelon,cucumber|muskmelon|watermelon,fodder_maize|sunflower,,See row-level evidence_text and source_ref in exploded CSV,medium,moderate,heat,"Compiled zone-memory dataset from official India agriculture portals; district assignment is localization metadata, not district-level agronomy proof.",Compiled from cited official source rows,See exploded CSV source_ref,incomplete
AGROCLIM_TAMIL_NADU_KHARIF,Tamil Nadu kharif memory zone,AGROCLIM_CURATED,Tamil Nadu,Ariyalur|Chengalpattu|Chennai|Coimbatore|Cuddalore|Dharmapuri|Dindigul|Erode|Kallakurichi|Kancheepuram|Kanniyakumari|Karur|Krishnagiri|Madurai|Mayiladuthurai|Nagapattinam|Namakkal|Perambalur|Pudukkottai|Ramanathapuram|Ranipet|Salem|Sivaganga|Tenkasi|Thanjavur|The Nilgiris|Theni|Thiruvallur|Thiruvarur|Thoothukkudi|Tiruchirappalli|Tirunelveli|Tirupathur|Tiruppur|Tiruvannamalai|Vellore|Viluppuram|Virudhunagar,8.0,13.6,76.2,80.4,kharif,cotton|groundnut|jute|maize|pigeonpea|rice,cotton|groundnut|jute|maize|pigeonpea|rice|soybean,bajra|blackgram|greengram|sesame|sorghum,,See row-level evidence_text and source_ref in exploded CSV,medium,moderate,drought|flood,"Compiled zone-memory dataset from official India agriculture portals; district assignment is localization metadata, not district-level agronomy proof.",Compiled from cited official source rows,See exploded CSV source_ref,incomplete
AGROCLIM_TAMIL_NADU_RABI,Tamil Nadu rabi memory zone,AGROCLIM_CURATED,Tamil Nadu,Ariyalur|Chengalpattu|Chennai|Coimbatore|Cuddalore|Dharmapuri|Dindigul|Erode|Kallakurichi|Kancheepuram|Kanniyakumari|Karur|Krishnagiri|Madurai|Mayiladuthurai|Nagapattinam|Namakkal|Perambalur|Pudukkottai|Ramanathapuram|Ranipet|Salem|Sivaganga|Tenkasi|Thanjavur|The Nilgiris|Theni|Thiruvallur|Thiruvarur|Thoothukkudi|Tiruchirappalli|Tirunelveli|Tirupathur|Tiruppur|Tiruvannamalai|Vellore|Viluppuram|Virudhunagar,8.0,13.6,76.2,80.4,rabi,barley|chickpea|mustard|wheat,barley|chickpea|mustard|wheat,lentil|linseed|oat|pea,,See row-level evidence_text and source_ref in exploded CSV,medium,moderate,frost,"Compiled zone-memory dataset from official India agriculture portals; district assignment is localization metadata, not district-level agronomy proof.",Compiled from cited official source rows,See exploded CSV source_ref,incomplete
AGROCLIM_TAMIL_NADU_ZAID,Tamil Nadu zaid memory zone,AGROCLIM_CURATED,Tamil Nadu,Ariyalur|Chengalpattu|Chennai|Coimbatore|Cuddalore|Dharmapuri|Dindigul|Erode|Kallakurichi|Kancheepuram|Kanniyakumari|Karur|Krishnagiri|Madurai|Mayiladuthurai|Nagapattinam|Namakkal|Perambalur|Pudukkottai|Ramanathapuram|Ranipet|Salem|Sivaganga|Tenkasi|Thanjavur|The Nilgiris|Theni|Thiruvallur|Thiruvarur|Thoothukkudi|Tiruchirappalli|Tirunelveli|Tirupathur|Tiruppur|Tiruvannamalai|Vellore|Viluppuram|Virudhunagar,8.0,13.6,76.2,80.4,zaid,cucumber|muskmelon|watermelon,cucumber|muskmelon|watermelon,fodder_maize|sunflower,,See row-level evidence_text and source_ref in exploded CSV,medium,moderate,heat,"Compiled zone-memory dataset from official India agriculture portals; district assignment is localization metadata, not district-level agronomy proof.",Compiled from cited official source rows,See exploded CSV source_ref,incomplete
AGROCLIM_TELANGANA_KHARIF,Telangana kharif memory zone,AGROCLIM_CURATED,Telangana,Adilabad|Bhadradri Kothagudem|Hanumakonda|Hyderabad|Jagitial|Jangoan|Jayashankar Bhupalapally|Jogulamba Gadwal|Kamareddy|Karimnagar|Khammam|Kumuram Bheem Asifabad|Mahabubabad|Mahabubnagar|Mancherial|Medak|Medchal Malkajgiri|Mulugu|Nagarkurnool|Nalgonda|Narayanpet|Nirmal|Nizamabad|Peddapalli|Rajanna Sircilla|Ranga Reddy|Sangareddy|Siddipet|Suryapet|Vikarabad|Wanaparthy|Warangal|Yadadri Bhuvanagiri,15.8,19.9,77.1,81.0,kharif,cotton|groundnut|jute|maize|pigeonpea|rice,cotton|groundnut|jute|maize|pigeonpea|rice|soybean,bajra|blackgram|greengram|sesame|sorghum,,See row-level evidence_text and source_ref in exploded CSV,medium,moderate,drought|flood,"Compiled zone-memory dataset from official India agriculture portals; district assignment is localization metadata, not district-level agronomy proof.",Compiled from cited official source rows,See exploded CSV source_ref,incomplete
AGROCLIM_TELANGANA_RABI,Telangana rabi memory zone,AGROCLIM_CURATED,Telangana,Adilabad|Bhadradri Kothagudem|Hanumakonda|Hyderabad|Jagitial|Jangoan|Jayashankar Bhupalapally|Jogulamba Gadwal|Kamareddy|Karimnagar|Khammam|Kumuram Bheem Asifabad|Mahabubabad|Mahabubnagar|Mancherial|Medak|Medchal Malkajgiri|Mulugu|Nagarkurnool|Nalgonda|Narayanpet|Nirmal|Nizamabad|Peddapalli|Rajanna Sircilla|Ranga Reddy|Sangareddy|Siddipet|Suryapet|Vikarabad|Wanaparthy|Warangal|Yadadri Bhuvanagiri,15.8,19.9,77.1,81.0,rabi,barley|chickpea|mustard|wheat,barley|chickpea|mustard|wheat,lentil|linseed|oat|pea,,See row-level evidence_text and source_ref in exploded CSV,medium,moderate,frost,"Compiled zone-memory dataset from official India agriculture portals; district assignment is localization metadata, not district-level agronomy proof.",Compiled from cited official source rows,See exploded CSV source_ref,incomplete
AGROCLIM_TELANGANA_ZAID,Telangana zaid memory zone,AGROCLIM_CURATED,Telangana,Adilabad|Bhadradri Kothagudem|Hanumakonda|Hyderabad|Jagitial|Jangoan|Jayashankar Bhupalapally|Jogulamba Gadwal|Kamareddy|Karimnagar|Khammam|Kumuram Bheem Asifabad|Mahabubabad|Mahabubnagar|Mancherial|Medak|Medchal Malkajgiri|Mulugu|Nagarkurnool|Nalgonda|Narayanpet|Nirmal|Nizamabad|Peddapalli|Rajanna Sircilla|Ranga Reddy|Sangareddy|Siddipet|Suryapet|Vikarabad|Wanaparthy|Warangal|Yadadri Bhuvanagiri,15.8,19.9,77.1,81.0,zaid,cucumber|muskmelon|watermelon,cucumber|muskmelon|watermelon,fodder_maize|sunflower,,See row-level evidence_text and source_ref in exploded CSV,medium,moderate,heat,"Compiled zone-memory dataset from official India agriculture portals; district assignment is localization metadata, not district-level agronomy proof.",Compiled from cited official source rows,See exploded CSV source_ref,incomplete
AGROCLIM_THE_DADRA_AND_NAGAR_HAVELI_AND_DAMAN_AND_DIU_KHARIF,The Dadra And Nagar Haveli And Daman And Diu kharif memory zone,AGROCLIM_CURATED,The Dadra And Nagar Haveli And Daman And Diu,Dadra And Nagar Haveli|Daman|Diu,,,,,kharif,cotton|groundnut|jute|maize|pigeonpea|rice,cotton|groundnut|jute|maize|pigeonpea|rice|soybean,bajra|blackgram|greengram|sesame|sorghum,,See row-level evidence_text and source_ref in exploded CSV,medium,moderate,drought|flood,"Compiled zone-memory dataset from official India agriculture portals; district assignment is localization metadata, not district-level agronomy proof.",Compiled from cited official source rows,See exploded CSV source_ref,incomplete
AGROCLIM_THE_DADRA_AND_NAGAR_HAVELI_AND_DAMAN_AND_DIU_RABI,The Dadra And Nagar Haveli And Daman And Diu rabi memory zone,AGROCLIM_CURATED,The Dadra And Nagar Haveli And Daman And Diu,Dadra And Nagar Haveli|Daman|Diu,,,,,rabi,barley|chickpea|mustard|wheat,barley|chickpea|mustard|wheat,lentil|linseed|oat|pea,,See row-level evidence_text and source_ref in exploded CSV,medium,moderate,frost,"Compiled zone-memory dataset from official India agriculture portals; district assignment is localization metadata, not district-level agronomy proof.",Compiled from cited official source rows,See exploded CSV source_ref,incomplete
AGROCLIM_THE_DADRA_AND_NAGAR_HAVELI_AND_DAMAN_AND_DIU_ZAID,The Dadra And Nagar Haveli And Daman And Diu zaid memory zone,AGROCLIM_CURATED,The Dadra And Nagar Haveli And Daman And Diu,Dadra And Nagar Haveli|Daman|Diu,,,,,zaid,cucumber|muskmelon|watermelon,cucumber|muskmelon|watermelon,fodder_maize|sunflower,,See row-level evidence_text and source_ref in exploded CSV,medium,moderate,heat,"Compiled zone-memory dataset from official India agriculture portals; district assignment is localization metadata, not district-level agronomy proof.",Compiled from cited official source rows,See exploded CSV source_ref,incomplete
AGROCLIM_TRIPURA_KHARIF,Tripura kharif memory zone,AGROCLIM_CURATED,Tripura,Dhalai|Gomati|Khowai|North Tripura|Sepahijala|South Tripura|Unakoti|West Tripura,,,,,kharif,cotton|groundnut|jute|maize|pigeonpea|rice,cotton|groundnut|jute|maize|pigeonpea|rice|soybean,bajra|blackgram|greengram|sesame|sorghum,,See row-level evidence_text and source_ref in exploded CSV,medium,moderate,drought|flood,"Compiled zone-memory dataset from official India agriculture portals; district assignment is localization metadata, not district-level agronomy proof.",Compiled from cited official source rows,See exploded CSV source_ref,incomplete
AGROCLIM_TRIPURA_RABI,Tripura rabi memory zone,AGROCLIM_CURATED,Tripura,Dhalai|Gomati|Khowai|North Tripura|Sepahijala|South Tripura|Unakoti|West Tripura,,,,,rabi,barley|chickpea|mustard|wheat,barley|chickpea|mustard|wheat,lentil|linseed|oat|pea,,See row-level evidence_text and source_ref in exploded CSV,medium,moderate,frost,"Compiled zone-memory dataset from official India agriculture portals; district assignment is localization metadata, not district-level agronomy proof.",Compiled from cited official source rows,See exploded CSV source_ref,incomplete
AGROCLIM_TRIPURA_ZAID,Tripura zaid memory zone,AGROCLIM_CURATED,Tripura,Dhalai|Gomati|Khowai|North Tripura|Sepahijala|South Tripura|Unakoti|West Tripura,,,,,zaid,cucumber|muskmelon|watermelon,cucumber|muskmelon|watermelon,fodder_maize|sunflower,,See row-level evidence_text and source_ref in exploded CSV,medium,moderate,heat,"Compiled zone-memory dataset from official India agriculture portals; district assignment is localization metadata, not district-level agronomy proof.",Compiled from cited official source rows,See exploded CSV source_ref,incomplete
AGROCLIM_UTTAR_PRADESH_KHARIF,Uttar Pradesh kharif memory zone,AGROCLIM_CURATED,Uttar Pradesh,Agra|Aligarh|Ambedkar Nagar|Amethi|Amroha|Auraiya|Ayodhya|Azamgarh|Baghpat|Bahraich|Ballia|Balrampur|Banda|Bara Banki|Bareilly|Basti|Bhadohi|Bijnor|Budaun|Bulandshahr|Chandauli|Chitrakoot|Deoria|Etah|Etawah|Farrukhabad|Fatehpur|Firozabad|Gautam Buddha Nagar|Ghaziabad|Ghazipur|Gonda|Gorakhpur|Hamirpur|Hapur|Hardoi|Hathras|Jalaun|Jaunpur|Jhansi|Kannauj|Kanpur Dehat|Kanpur Nagar|Kasganj|Kaushambi|Kheri|Kushinagar|Lalitpur|Lucknow|Mahoba|Mahrajganj|Mainpuri|Mathura|Mau|Meerut|Mirzapur|Moradabad|Muzaffarnagar|Pilibhit|Pratapgarh|Prayagraj|Rae Bareli|Rampur|Saharanpur|Sambhal|Sant Kabir Nagar|Shahjahanpur|Shamli|Shrawasti|Siddharthnagar|Sitapur|Sonbhadra|Sultanpur|Unnao|Varanasi,,,,,kharif,cotton|groundnut|jute|maize|pigeonpea|rice,cotton|groundnut|jute|maize|pigeonpea|rice|soybean,bajra|blackgram|greengram|sesame|sorghum,,See row-level evidence_text and source_ref in exploded CSV,medium,moderate,drought|flood,"Compiled zone-memory dataset from official India agriculture portals; district assignment is localization metadata, not district-level agronomy proof.",Compiled from cited official source rows,See exploded CSV source_ref,incomplete
AGROCLIM_UTTAR_PRADESH_RABI,Uttar Pradesh rabi memory zone,AGROCLIM_CURATED,Uttar Pradesh,Agra|Aligarh|Ambedkar Nagar|Amethi|Amroha|Auraiya|Ayodhya|Azamgarh|Baghpat|Bahraich|Ballia|Balrampur|Banda|Bara Banki|Bareilly|Basti|Bhadohi|Bijnor|Budaun|Bulandshahr|Chandauli|Chitrakoot|Deoria|Etah|Etawah|Farrukhabad|Fatehpur|Firozabad|Gautam Buddha Nagar|Ghaziabad|Ghazipur|Gonda|Gorakhpur|Hamirpur|Hapur|Hardoi|Hathras|Jalaun|Jaunpur|Jhansi|Kannauj|Kanpur Dehat|Kanpur Nagar|Kasganj|Kaushambi|Kheri|Kushinagar|Lalitpur|Lucknow|Mahoba|Mahrajganj|Mainpuri|Mathura|Mau|Meerut|Mirzapur|Moradabad|Muzaffarnagar|Pilibhit|Pratapgarh|Prayagraj|Rae Bareli|Rampur|Saharanpur|Sambhal|Sant Kabir Nagar|Shahjahanpur|Shamli|Shrawasti|Siddharthnagar|Sitapur|Sonbhadra|Sultanpur|Unnao|Varanasi,,,,,rabi,barley|chickpea|mustard|wheat,barley|chickpea|mustard|wheat,lentil|linseed|oat|pea,,See row-level evidence_text and source_ref in exploded CSV,medium,moderate,frost,"Compiled zone-memory dataset from official India agriculture portals; district assignment is localization metadata, not district-level agronomy proof.",Compiled from cited official source rows,See exploded CSV source_ref,incomplete
AGROCLIM_UTTAR_PRADESH_ZAID,Uttar Pradesh zaid memory zone,AGROCLIM_CURATED,Uttar Pradesh,Agra|Aligarh|Ambedkar Nagar|Amethi|Amroha|Auraiya|Ayodhya|Azamgarh|Baghpat|Bahraich|Ballia|Balrampur|Banda|Bara Banki|Bareilly|Basti|Bhadohi|Bijnor|Budaun|Bulandshahr|Chandauli|Chitrakoot|Deoria|Etah|Etawah|Farrukhabad|Fatehpur|Firozabad|Gautam Buddha Nagar|Ghaziabad|Ghazipur|Gonda|Gorakhpur|Hamirpur|Hapur|Hardoi|Hathras|Jalaun|Jaunpur|Jhansi|Kannauj|Kanpur Dehat|Kanpur Nagar|Kasganj|Kaushambi|Kheri|Kushinagar|Lalitpur|Lucknow|Mahoba|Mahrajganj|Mainpuri|Mathura|Mau|Meerut|Mirzapur|Moradabad|Muzaffarnagar|Pilibhit|Pratapgarh|Prayagraj|Rae Bareli|Rampur|Saharanpur|Sambhal|Sant Kabir Nagar|Shahjahanpur|Shamli|Shrawasti|Siddharthnagar|Sitapur|Sonbhadra|Sultanpur|Unnao|Varanasi,,,,,zaid,cucumber|muskmelon|watermelon,cucumber|muskmelon|watermelon,fodder_maize|sunflower,,See row-level evidence_text and source_ref in exploded CSV,medium,moderate,heat,"Compiled zone-memory dataset from official India agriculture portals; district assignment is localization metadata, not district-level agronomy proof.",Compiled from cited official source rows,See exploded CSV source_ref,incomplete
AGROCLIM_UTTARAKHAND_KHARIF,Uttarakhand kharif memory zone,AGROCLIM_CURATED,Uttarakhand,Almora|Bageshwar|Chamoli|Champawat|Dehradun|Haridwar|Nainital|Pauri Garhwal|Pithoragarh|Rudraprayag|Tehri Garhwal|Udham Singh Nagar|Uttarkashi,,,,,kharif,cotton|groundnut|jute|maize|pigeonpea|rice,cotton|groundnut|jute|maize|pigeonpea|rice|soybean,bajra|blackgram|greengram|sesame|sorghum,,See row-level evidence_text and source_ref in exploded CSV,medium,moderate,drought|flood,"Compiled zone-memory dataset from official India agriculture portals; district assignment is localization metadata, not district-level agronomy proof.",Compiled from cited official source rows,See exploded CSV source_ref,incomplete
AGROCLIM_UTTARAKHAND_RABI,Uttarakhand rabi memory zone,AGROCLIM_CURATED,Uttarakhand,Almora|Bageshwar|Chamoli|Champawat|Dehradun|Haridwar|Nainital|Pauri Garhwal|Pithoragarh|Rudraprayag|Tehri Garhwal|Udham Singh Nagar|Uttarkashi,,,,,rabi,barley|chickpea|mustard|wheat,barley|chickpea|mustard|wheat,lentil|linseed|oat|pea,,See row-level evidence_text and source_ref in exploded CSV,medium,moderate,frost,"Compiled zone-memory dataset from official India agriculture portals; district assignment is localization metadata, not district-level agronomy proof.",Compiled from cited official source rows,See exploded CSV source_ref,incomplete
AGROCLIM_UTTARAKHAND_ZAID,Uttarakhand zaid memory zone,AGROCLIM_CURATED,Uttarakhand,Almora|Bageshwar|Chamoli|Champawat|Dehradun|Haridwar|Nainital|Pauri Garhwal|Pithoragarh|Rudraprayag|Tehri Garhwal|Udham Singh Nagar|Uttarkashi,,,,,zaid,cucumber|muskmelon|watermelon,cucumber|muskmelon|watermelon,fodder_maize|sunflower,,See row-level evidence_text and source_ref in exploded CSV,medium,moderate,heat,"Compiled zone-memory dataset from official India agriculture portals; district assignment is localization metadata, not district-level agronomy proof.",Compiled from cited official source rows,See exploded CSV source_ref,incomplete
AGROCLIM_WEST_BENGAL_KHARIF,West Bengal kharif memory zone,AGROCLIM_CURATED,West Bengal,Alipurduar|Bankura|Birbhum|Cooch Behar|Dakshin Dinajpur|Darjeeling|Hooghly|Howrah|Jalpaiguri|Jhargram|Kalimpong|Kolkata|Malda|Murshidabad|Nadia|North 24 Parganas|Paschim Bardhaman|Paschim Medinipur|Purba Bardhaman|Purba Medinipur|Purulia|South 24 Parganas|Uttar Dinajpur,21.5,27.2,85.8,89.9,kharif,cotton|groundnut|jute|maize|pigeonpea|rice,cotton|groundnut|jute|maize|pigeonpea|rice|soybean,bajra|blackgram|greengram|sesame|sorghum,,See row-level evidence_text and source_ref in exploded CSV,medium,moderate,drought|flood,"Compiled zone-memory dataset from official India agriculture portals; district assignment is localization metadata, not district-level agronomy proof.",Compiled from cited official source rows,See exploded CSV source_ref,incomplete
AGROCLIM_WEST_BENGAL_RABI,West Bengal rabi memory zone,AGROCLIM_CURATED,West Bengal,Alipurduar|Bankura|Birbhum|Cooch Behar|Dakshin Dinajpur|Darjeeling|Hooghly|Howrah|Jalpaiguri|Jhargram|Kalimpong|Kolkata|Malda|Murshidabad|Nadia|North 24 Parganas|Paschim Bardhaman|Paschim Medinipur|Purba Bardhaman|Purba Medinipur|Purulia|South 24 Parganas|Uttar Dinajpur,21.5,27.2,85.8,89.9,rabi,barley|chickpea|mustard|wheat,barley|chickpea|mustard|wheat,lentil|linseed|oat|pea,,See row-level evidence_text and source_ref in exploded CSV,medium,moderate,frost,"Compiled zone-memory dataset from official India agriculture portals; district assignment is localization metadata, not district-level agronomy proof.",Compiled from cited official source rows,See exploded CSV source_ref,incomplete
AGROCLIM_WEST_BENGAL_ZAID,West Bengal zaid memory zone,AGROCLIM_CURATED,West Bengal,Alipurduar|Bankura|Birbhum|Cooch Behar|Dakshin Dinajpur|Darjeeling|Hooghly|Howrah|Jalpaiguri|Jhargram|Kalimpong|Kolkata|Malda|Murshidabad|Nadia|North 24 Parganas|Paschim Bardhaman|Paschim Medinipur|Purba Bardhaman|Purba Medinipur|Purulia|South 24 Parganas|Uttar Dinajpur,21.5,27.2,85.8,89.9,zaid,cucumber|muskmelon|watermelon,cucumber|muskmelon|watermelon,fodder_maize|sunflower,,See row-level evidence_text and source_ref in exploded CSV,medium,moderate,heat,"Compiled zone-memory dataset from official India agriculture portals; district assignment is localization metadata, not district-level agronomy proof.",Compiled from cited official source rows,See exploded CSV source_ref,incomplete
